event_id,event_type,subtype,start_frame,end_frame,start_time_sec,end_time_sec,duration_sec,team,player_id,target_team,target_player_id,success,confidence,source,details
1,PossessionEpisode,Unknown,3,9,0.11999999999999811,0.3599999999999943,0.2799999999999956,,,,,,conservative,possession_v6,possession=Unknown
2,PossessionEpisode,B,10,27,0.3999999999999937,1.079999999999983,0.7199999999999886,B,,,,,high,possession_v6,possession=B
3,Dribble,DribbleGap,14,16,0.5599999999999912,0.6399999999999899,0.11999999999999811,B,8.0,,,True,high,ball_motion_state_v1,same-player return at frame 17
4,PossessionEpisode,Unknown,28,31,1.1199999999999823,1.2399999999999805,0.15999999999999748,,,,,,conservative,possession_v6,possession=Unknown
5,PossessionEpisode,B,32,98,1.2799999999999798,3.919999999999938,2.6799999999999575,B,,,,,high,possession_v6,possession=B
6,Dribble,DribbleGap,52,57,2.079999999999967,2.279999999999964,0.23999999999999622,B,8.0,,,True,high,ball_motion_state_v1,same-player return at frame 58
7,PossessionEpisode,Unknown,99,106,3.9599999999999373,4.239999999999933,0.31999999999999496,,,,,,conservative,possession_v6,possession=Unknown
8,PossessionEpisode,B,107,107,4.279999999999933,4.279999999999933,0.03999999999999937,B,,,,,high,possession_v6,possession=B
9,PossessionEpisode,Contested,108,108,4.319999999999932,4.319999999999932,0.03999999999999937,,,,,,conservative,possession_v6,possession=Contested
10,PossessionEpisode,B,109,109,4.359999999999931,4.359999999999931,0.03999999999999937,B,,,,,high,possession_v6,possession=B
11,PossessionEpisode,Unknown,110,111,4.39999999999993,4.43999999999993,0.07999999999999874,,,,,,conservative,possession_v6,possession=Unknown
12,PossessionEpisode,B,112,120,4.479999999999929,4.799999999999924,0.3599999999999943,B,,,,,high,possession_v6,possession=B
13,PossessionEpisode,Unknown,121,121,4.8399999999999235,4.8399999999999235,0.03999999999999937,,,,,,conservative,possession_v6,possession=Unknown
14,PossessionEpisode,B,122,132,4.879999999999923,5.279999999999917,0.43999999999999306,B,,,,,high,possession_v6,possession=B
15,PossessionEpisode,Unknown,133,142,5.319999999999916,5.67999999999991,0.3999999999999937,,,,,,conservative,possession_v6,possession=Unknown
16,PossessionEpisode,B,143,151,5.71999999999991,6.039999999999905,0.3599999999999943,B,,,,,high,possession_v6,possession=B
17,PossessionEpisode,Unknown,152,152,6.079999999999904,6.079999999999904,0.03999999999999937,,,,,,conservative,possession_v6,possession=Unknown
18,PossessionEpisode,B,153,153,6.119999999999903,6.119999999999903,0.03999999999999937,B,,,,,high,possession_v6,possession=B
19,PossessionEpisode,Unknown,154,155,6.159999999999902,6.1999999999999025,0.07999999999999874,,,,,,conservative,possession_v6,possession=Unknown
20,PossessionEpisode,B,156,171,6.239999999999902,6.839999999999892,0.6399999999999899,B,,,,,high,possession_v6,possession=B
21,AerialDuel,AerialContest,172,172,6.8799999999998915,6.8799999999998915,0.03999999999999937,,,,,,high,air_touch_v4,participants=A#1|B#14
22,PossessionEpisode,Contested,172,172,6.8799999999998915,6.8799999999998915,0.03999999999999937,,,,,,conservative,possession_v6,possession=Contested
23,PossessionEpisode,Unknown,173,400,6.919999999999891,15.999999999999748,9.119999999999855,,,,,,conservative,possession_v6,possession=Unknown
24,AirTouch,ConfirmedAirTouch,281,281,11.239999999999823,11.239999999999823,0.03999999999999937,B,10.0,,,True,high,air_touch_v4,participants=B#10
25,Reception,TrustedReception,401,401,16.039999999999747,16.039999999999747,0.03999999999999937,A,6.0,,,True,high,controller_gate_v2+ball_motion_state_v1,resolved motion episode 1
26,PossessionEpisode,A,401,611,16.039999999999747,24.439999999999614,8.439999999999866,A,,,,,high,possession_v6,possession=A
27,Pass,ConfirmedPass,407,442,16.279999999999742,17.679999999999723,1.4399999999999773,A,6.0,A,24.0,True,high,ball_motion_state_v1,same-team trusted launch-to-reception without AirTouch/AerialContest
28,Reception,TrustedReception,443,443,17.71999999999972,17.71999999999972,0.03999999999999937,A,24.0,,,True,high,controller_gate_v2+ball_motion_state_v1,resolved motion episode 2
29,Pass,ConfirmedPass,492,539,19.67999999999969,21.55999999999966,1.9199999999999697,A,24.0,A,3.0,True,high,ball_motion_state_v1,same-team trusted launch-to-reception without AirTouch/AerialContest
30,Reception,TrustedReception,540,540,21.59999999999966,21.59999999999966,0.03999999999999937,A,3.0,,,True,high,controller_gate_v2+ball_motion_state_v1,resolved motion episode 3
31,Dribble,DribbleGap,552,554,22.07999999999965,22.159999999999652,0.11999999999999811,A,3.0,,,True,high,ball_motion_state_v1,same-player return at frame 555
32,Dribble,DribbleGap,564,566,22.559999999999643,22.63999999999964,0.11999999999999811,A,3.0,,,True,high,ball_motion_state_v1,same-player return at frame 567
33,Pass,ConfirmedPass,573,605,22.91999999999964,24.19999999999962,1.3199999999999792,A,3.0,A,11.0,True,high,ball_motion_state_v1,same-team trusted launch-to-reception without AirTouch/AerialContest
34,Reception,TrustedReception,606,606,24.23999999999962,24.23999999999962,0.03999999999999937,A,11.0,,,True,high,controller_gate_v2+ball_motion_state_v1,resolved motion episode 4
35,PossessionEpisode,Unknown,612,622,24.479999999999613,24.879999999999608,0.43999999999999306,,,,,,conservative,possession_v6,possession=Unknown
36,PossessionEpisode,A,623,628,24.919999999999607,25.119999999999603,0.23999999999999622,A,,,,,high,possession_v6,possession=A
37,PossessionEpisode,Unknown,629,633,25.159999999999602,25.3199999999996,0.19999999999999685,,,,,,conservative,possession_v6,possession=Unknown
38,PossessionEpisode,A,634,681,25.3599999999996,27.23999999999957,1.9199999999999697,A,,,,,high,possession_v6,possession=A
39,Dribble,DribbleGap,642,645,25.679999999999595,25.799999999999592,0.15999999999999748,A,11.0,,,True,high,ball_motion_state_v1,same-player return at frame 646
40,Dribble,DribbleGap,652,654,26.07999999999959,26.159999999999588,0.11999999999999811,A,11.0,,,True,high,ball_motion_state_v1,same-player return at frame 655
41,PossessionEpisode,Unknown,682,682,27.27999999999957,27.27999999999957,0.03999999999999937,,,,,,conservative,possession_v6,possession=Unknown
42,PossessionEpisode,A,683,691,27.31999999999957,27.639999999999564,0.3599999999999943,A,,,,,high,possession_v6,possession=A
43,PossessionEpisode,Unknown,692,749,27.679999999999563,29.95999999999953,2.3199999999999634,,,,,,conservative,possession_v6,possession=Unknown
