frame,time_sec,track_id,team,class_id,image_x,image_y,pitch_x_cm,pitch_y_cm,pitch_x_m,pitch_y_m,valid_keypoints,inliers,mean_reprojection_error_px,median_reprojection_error_px,homography_fallback,pitch_x_clean_m,pitch_y_clean_m,speed_clean_mps,speed_valid,pitch_x_final_m,pitch_y_final_m,global_anomaly_frame,speed_final_mps
3,0.12,1,A,2,1470.5,450.0,6444.48681640625,2859.4150390625,64.4448681640625,28.594150390625,13,12,11.88034725189209,8.980565071105957,False,64.43076943564249,28.612436847820163,,True,64.43075080186833,28.615009053862895,False,
4,0.16,1,A,2,1470.5,450.0,6447.787109375,2864.634521484375,64.47787109375,28.64634521484375,13,12,11.593117713928224,8.686053276062012,False,64.4637961886746,28.536755345484604,,True,64.4635617681989,28.534553959484274,False,
5,0.2,1,A,2,1470.5,450.0,6443.6435546875,2856.010009765625,64.436435546875,28.56010009765625,12,11,11.883098602294922,10.133459091186523,False,64.49612546210301,28.49527863900423,1.005255393066708,True,64.4959338133334,28.491580306972804,False,
6,0.24,1,A,2,1469.5,450.0,6452.3896484375,2830.17236328125,64.523896484375,28.3017236328125,13,12,11.377459526062012,10.056568145751951,False,64.52775725592767,28.488006728379045,0.8197819639998352,True,64.5278669372718,28.48608809632849,False,
7,0.28,1,A,2,1469.5,451.0,6455.8828125,2833.47705078125,64.558828125,28.3347705078125,13,12,10.297479629516602,10.031454086303713,False,64.5586915701486,28.514939613609044,1.4969673415949047,True,64.55936114001408,28.5180773275513,False,1.4229331342469336
8,0.32,1,A,2,1469.0,452.0,6458.6953125,2845.645263671875,64.586953125,28.45645263671875,13,12,9.891302108764648,8.875121116638184,False,64.58892840476597,28.57607729469431,2.398149442013538,True,64.59111321091413,28.595406912041657,False,1.9790654944061576
9,0.36,1,A,2,1468.5,454.0,6462.6455078125,2867.443115234375,64.626455078125,28.67443115234375,13,12,9.313434600830078,8.245469093322754,False,64.62229175772161,28.698869879306958,3.2103060696552417,True,64.62221335791146,28.71211944529884,False,2.359162219142104
10,0.4,1,A,2,1467.0,455.0,6464.8291015625,2885.30224609375,64.648291015625,28.8530224609375,13,12,9.081084251403809,8.014335632324219,False,64.65344309986904,28.85054191251464,3.630468285113363,True,64.65164807290648,28.853829191863447,False,2.553412827004678
11,0.44,1,A,2,1466.5,457.0,6468.740234375,2908.12451171875,64.68740234375,29.0812451171875,13,12,8.814289093017578,7.703857898712158,False,64.67927944939191,29.014232943163677,3.3920939829227175,True,64.67791109289236,28.997429024426133,False,2.60824659938699
12,0.48,1,A,2,1467.0,458.0,6470.7080078125,2923.22998046875,64.707080078125,29.2322998046875,13,12,8.684435844421387,7.665300369262695,False,64.70264221618243,29.145713010134468,2.7194096142561635,True,64.70110334566108,29.12161792758864,False,2.5687245141521897
13,0.52,1,A,2,1467.5,458.0,6471.68359375,2927.63818359375,64.7168359375,29.2763818359375,13,12,8.568650245666504,7.640811443328857,False,64.72189604503585,29.23238680183756,1.9679643581453903,True,64.72132963528745,29.21207937870805,False,2.5113514343809396
14,0.56,1,A,2,1468.0,458.0,6474.5771484375,2930.6337890625,64.745771484375,29.306337890625,13,12,8.462078094482422,7.5592360496521,False,64.73923150905101,29.2771063019013,1.54093129698338,True,64.74100000398126,29.274893397618037,False,2.5017421615426803
15,0.6,1,A,2,1469.5,458.0,6476.04443359375,2930.0478515625,64.7604443359375,29.300478515625,13,12,8.40727424621582,7.516292095184326,False,64.76160344050497,29.318154945640366,1.6398117756580388,True,64.76253944194424,29.32760848243162,False,2.577112556822208
16,0.64,1,A,2,1472.0,458.0,6477.66455078125,2928.78662109375,64.7766455078125,29.2878662109375,13,12,8.348790168762207,7.517580986022949,False,64.78504002995717,29.378085584662806,2.2485483560984876,True,64.78683038035005,29.393758577700147,False,2.7437477923585085
17,0.68,1,A,2,1475.5,460.0,6480.05859375,2939.59619140625,64.8005859375,29.3959619140625,13,12,8.341412544250488,7.485053062438965,False,64.81385579427099,29.47811299215115,3.042441250175242,True,64.81434933999482,29.492445590926618,False,2.99036363724675
18,0.72,1,A,2,1477.5,462.0,6484.6005859375,2961.52783203125,64.846005859375,29.6152783203125,13,12,8.29282283782959,7.426140785217285,False,64.84542029747612,29.620845688328668,3.855879008723654,True,64.84459428715428,29.63078739917854,False,3.261312413390663
19,0.76,1,A,2,1475.0,463.0,6489.1103515625,2981.3779296875,64.891103515625,29.813779296875,13,12,8.318305015563965,7.420553684234619,False,64.8762373092404,29.791255531577868,4.350753059762076,True,64.87623534860623,29.79790264957682,False,3.501606451960238
20,0.8,1,A,2,1472.0,465.0,6490.9462890625,3003.330078125,64.909462890625,30.03330078125,13,12,8.322833061218262,7.385140419006348,False,64.90734016471825,29.982782560050698,4.358331883926807,True,64.90825150174366,29.974830914429663,False,3.647325383687477
21,0.84,1,A,2,1471.0,465.0,6494.0283203125,3017.54443359375,64.940283203125,30.1754443359375,13,12,8.28325366973877,7.359789848327637,False,64.9388394157927,30.162921600697555,4.013521888859907,True,64.93856758865155,30.1440110281084,False,3.6752374447184626
22,0.88,1,A,2,1470.0,466.0,6496.26953125,3031.290771484375,64.9626953125,30.31290771484375,13,12,8.271531105041504,7.323872566223144,False,64.96803384278499,30.307314458816,3.5020833144989507,True,64.96670821853934,30.293813634159235,False,3.596836179309324
23,0.92,1,A,2,1469.0,466.0,6498.4853515625,3044.078125,64.984853515625,30.44078125,13,12,8.220976829528809,7.237525939941406,False,64.99243694456602,30.422818361651444,3.0472747060943686,True,64.99184933038678,30.42440780048849,False,3.453487948679331
24,0.96,1,A,2,1468.5,466.0,6501.03515625,3056.77880859375,65.0103515625,30.5677880859375,13,12,8.195998191833496,7.169671058654785,False,65.01276595962648,30.533108684121945,2.890562754022155,True,65.01317510629174,30.53874480835022,False,3.28053788534867
25,1.0,1,A,2,1468.0,466.0,6504.4345703125,3059.322998046875,65.044345703125,30.59322998046875,13,12,8.1956787109375,7.157576560974121,False,65.03116860840998,30.64166362771351,2.890097884026869,True,65.03010158101652,30.64856223152147,False,3.1143400707476396
26,1.04,1,A,2,1467.5,467.0,6505.6630859375,3070.26904296875,65.056630859375,30.7026904296875,14,13,8.334229469299316,7.274369239807129,False,65.04415795955363,30.76349661162413,3.0009027453530135,True,65.04308194217603,30.764531221249783,False,2.973091930756597
27,1.08,1,A,2,1467.5,469.0,6505.41748046875,3088.234619140625,65.0541748046875,30.88234619140625,14,13,8.328632354736328,7.247934341430664,False,65.05476556809093,30.881014156741774,3.124096819340921,True,65.05282787500346,30.888818214786152,False,2.8649174876684964
28,1.12,1,A,2,1468.5,470.0,6505.58984375,3103.76708984375,65.0558984375,31.0376708984375,14,13,8.3272123336792,7.24419355392456,False,65.06267850151167,31.010651792868664,3.065183991880467,True,65.06173083860591,31.013322899973325,False,2.7915456941984047
29,1.16,1,A,2,1468.5,471.0,6506.96826171875,3115.689453125,65.0696826171875,31.15689453125,14,13,8.287059783935547,7.275760173797607,False,65.07212463805742,31.139838411913683,2.867768287821765,True,65.07301986646765,31.131488555143594,False,2.750954596918365
30,1.2,1,A,2,1468.0,472.0,6508.3525390625,3127.10400390625,65.083525390625,31.2710400390625,14,13,8.305785179138184,7.209198474884033,False,65.0862534259362,31.252116101671845,2.602818053933156,True,65.09062067332137,31.23709913067227,False,2.739304422988251
31,1.24,1,A,2,1469.5,472.0,6510.79296875,3133.22705078125,65.1079296875,31.3322705078125,14,13,8.286721229553223,7.158492565155029,False,65.11288716491858,31.33616106793605,2.400089484637738,True,65.11613829623468,31.332717262836038,False,2.7717793006383875
32,1.28,1,A,2,1469.5,474.0,6513.791015625,3147.56640625,65.13791015625,31.4756640625,14,13,8.210540771484375,7.162842750549316,False,65.14881041484573,31.418098275422572,2.4442482661249105,True,65.14984625849023,31.421522401012844,False,2.858196849796772
33,1.32,1,A,2,1470.5,473.0,6518.8359375,3148.6435546875,65.188359375,31.486435546875,14,13,8.212624549865723,7.141321182250977,False,65.19121722027988,31.50491916042949,2.7279546224174838,True,65.18967421452646,31.514284067293023,False,2.9734427840565956
34,1.36,1,A,2,1471.5,473.0,6523.6416015625,3152.326171875,65.236416015625,31.52326171875,14,13,8.191576957702637,7.095147609710693,False,65.23384397991347,31.614276808803254,3.1063532605904864,True,65.23256135540011,31.62038489862512,False,3.0839488459567344
35,1.4,1,A,2,1473.5,476.0,6529.27783203125,3170.49560546875,65.2927783203125,31.7049560546875,14,13,8.177579879760742,7.0782151222229,False,65.27606733273254,31.74098286235257,3.4675532074767674,True,65.27457169916383,31.747622238281007,False,3.1542000630056215
36,1.44,1,A,2,1474.5,478.0,6532.4013671875,3192.060546875,65.324013671875,31.92060546875,14,13,8.174256324768066,7.072232723236084,False,65.31567635489526,31.88626617360512,3.7248022029159444,True,65.3141933510875,31.892412142978582,False,3.1540430378551068
37,1.48,1,A,2,1476.0,478.0,6535.4453125,3203.693115234375,65.354453125,32.03693115234375,14,13,8.183111190795898,7.074855804443359,False,65.35295403327159,32.03562971208487,3.695142703352905,True,65.35156088688188,32.04130742048359,False,3.059131471247764
38,1.52,1,A,2,1477.5,480.0,6537.59521484375,3222.1708984375,65.3759521484375,32.221708984375,14,13,8.1824369430542,7.052770137786865,False,65.3873298300009,32.19014169830828,3.2628810014431524,True,65.38844701601278,32.17794943502977,False,2.8741646860436325
39,1.56,1,A,2,1479.5,480.0,6541.6162109375,3231.9345703125,65.416162109375,32.319345703125,14,13,8.187808990478516,7.065245151519775,False,65.42352476462356,32.31352171997932,2.696188663041052,True,65.42607324671074,32.29329816911608,False,2.639846119102212
40,1.6,1,A,2,1481.0,481.0,6545.76220703125,3241.80029296875,65.4576220703125,32.4180029296875,14,13,8.13913345336914,7.112929821014404,False,65.46288296501692,32.38714326445047,2.106898170298373,True,65.46539232059969,32.380221833115826,False,2.4048659662364233
41,1.64,1,A,2,1482.5,481.0,6550.294921875,3247.174560546875,65.50294921875,32.47174560546875,14,13,8.157373428344727,7.089519500732422,False,65.5047030703673,32.439448634861314,1.6681106041762233,True,65.50547889738505,32.44086694161272,False,2.217801340722396
42,1.68,1,A,2,1483.5,481.0,6554.54931640625,3249.478271484375,65.5454931640625,32.49478271484375,14,13,8.133748054504395,7.092530727386475,False,65.54452047139075,32.4883530523839,1.5588612570571283,True,65.54379957765174,32.48585529534685,False,2.125724594355814
